<metadata xml:lang="en"><Esri><CreaDate>20170621</CreaDate><CreaTime>11395000</CreaTime><ArcGISFormat>1.0</ArcGISFormat><SyncOnce>FALSE</SyncOnce><DataProperties><itemProps><itemName Sync="TRUE">Sidewalk_Inventory_wgs84</itemName><imsContentType Sync="TRUE">002</imsContentType><nativeExtBox><westBL Sync="TRUE">-79.639456</westBL><eastBL Sync="TRUE">-79.115451</eastBL><southBL Sync="TRUE">43.580940</southBL><northBL Sync="TRUE">43.855400</northBL><exTypeCode Sync="TRUE">1</exTypeCode></nativeExtBox><itemSize Sync="TRUE">10.502</itemSize><itemLocation><linkage Sync="TRUE">file://\\K3XD0138174\C$\Users\bnguyen\Desktop\Sidewalk_Inventory_wgs84\Sidewalk_Inventory_wgs84.shp</linkage><protocol Sync="TRUE">Local Area Network</protocol></itemLocation></itemProps><coordRef><type Sync="TRUE">Geographic</type><geogcsn Sync="TRUE">WGS 84</geogcsn><csUnits Sync="TRUE">Angular Unit: Degree (0.017453)</csUnits><peXml Sync="TRUE">&lt;GeographicCoordinateSystem xsi:type='typens:GeographicCoordinateSystem' xmlns:xsi='http://www.w3.org/2001/XMLSchema-instance' xmlns:xs='http://www.w3.org/2001/XMLSchema' xmlns:typens='http://www.esri.com/schemas/ArcGIS/10.4'&gt;&lt;WKT&gt;GEOGCS[&amp;quot;WGS 84&amp;quot;,DATUM[&amp;quot;World Geodetic System 1984 (EPSG ID 6326)&amp;quot;,SPHEROID[&amp;quot;WGS 84 (EPSG ID 7030)&amp;quot;,6378137.0,298.257223563]],PRIMEM[&amp;quot;Greenwich&amp;quot;,0.0],UNIT[&amp;quot;Decimal_Degree&amp;quot;,0.0174532925199433]]&lt;/WKT&gt;&lt;XOrigin&gt;-399.99999999999989&lt;/XOrigin&gt;&lt;YOrigin&gt;-399.99999999999989&lt;/YOrigin&gt;&lt;XYScale&gt;11258999068426.24&lt;/XYScale&gt;&lt;ZOrigin&gt;-100000&lt;/ZOrigin&gt;&lt;ZScale&gt;10000&lt;/ZScale&gt;&lt;MOrigin&gt;-100000&lt;/MOrigin&gt;&lt;MScale&gt;10000&lt;/MScale&gt;&lt;XYTolerance&gt;8.9831528411952133e-009&lt;/XYTolerance&gt;&lt;ZTolerance&gt;0.001&lt;/ZTolerance&gt;&lt;MTolerance&gt;0.001&lt;/MTolerance&gt;&lt;HighPrecision&gt;true&lt;/HighPrecision&gt;&lt;LeftLongitude&gt;-180&lt;/LeftLongitude&gt;&lt;/GeographicCoordinateSystem&gt;</peXml></coordRef></DataProperties><SyncDate>20170621</SyncDate><SyncTime>12495300</SyncTime><ModDate>20170621</ModDate><ModTime>12495300</ModTime><scaleRange><minScale>150000000</minScale><maxScale>5000</maxScale></scaleRange><ArcGISProfile>ItemDescription</ArcGISProfile></Esri><dataIdInfo><envirDesc Sync="TRUE"> Version 6.2 (Build 9200) ; Esri ArcGIS 10.4.1.5686</envirDesc><dataLang><languageCode value="eng" Sync="TRUE"/><countryCode value="CAN" Sync="TRUE"/></dataLang><idCitation><resTitle Sync="TRUE">Sidewalk_Inventory_wgs84</resTitle><presForm><PresFormCd value="005" Sync="TRUE"/></presForm></idCitation><spatRpType><SpatRepTypCd value="001" Sync="TRUE"/></spatRpType><dataExt><geoEle xmlns=""><GeoBndBox esriExtentType="search"><exTypeCode Sync="TRUE">1</exTypeCode><westBL Sync="TRUE">-79.639456</westBL><eastBL Sync="TRUE">-79.115451</eastBL><northBL Sync="TRUE">43.855400</northBL><southBL Sync="TRUE">43.580940</southBL></GeoBndBox></geoEle></dataExt><idPurp>The sidewalk inventory provides information on the location of sidewalks along all transportation corridors within the City of Toronto limits.</idPurp><idAbs>&lt;DIV STYLE="text-align:Left;"&gt;&lt;P STYLE="font-weight:bold;font-size:16ptmargin:0 0 0 0;"&gt;&lt;SPAN&gt;&lt;SPAN&gt;Toronto Sidewalk Inventory (2015)&lt;/SPAN&gt;&lt;/SPAN&gt;&lt;/P&gt;&lt;P /&gt;&lt;P STYLE="font-size:16ptmargin:0 0 0 0;"&gt;&lt;SPAN&gt;&lt;SPAN&gt;The sidewalk inventory provides information on the location of sidewalks along all transportation corridors within the City of Toronto limits. City centreline data was utilized as the base network while aerial photography (orthoimagery) captured in spring of 2015 was used to determine sidewalk presence. The sidewalk inventory is used by City staff in addition to others such as consultants hired by the City for various purposes (e.g. infrastructure planning, safety studies, area specific studies, Environmental Assessments and Transportation Master Plans). The Essential Links Capital Program utilizes this inventory in order to identify and prioritize building of new sidewalk links.&lt;/SPAN&gt;&lt;/SPAN&gt;&lt;/P&gt;&lt;P /&gt;&lt;P STYLE="font-size:16ptmargin:0 0 0 0;"&gt;&lt;SPAN&gt;&lt;SPAN&gt;There may be inaccuracies in the dataset due to human input errors, low visibility of some aerial photos and recent changes since the aerial photos were captured in 2015. Help us improve the accuracy of the inventory by reporting any errors to &lt;/SPAN&gt;&lt;/SPAN&gt;&lt;A href="mailto:Walking@Toronto.ca"&gt;&lt;SPAN&gt;&lt;SPAN&gt;Walking@Toronto.ca&lt;/SPAN&gt;&lt;/SPAN&gt;&lt;/A&gt;&lt;/P&gt;&lt;P /&gt;&lt;P STYLE="font-size:16ptmargin:0 0 0 0;"&gt;&lt;SPAN&gt;&lt;SPAN&gt;The original centreline data organizes all transportation corridors into line segments which are typically from one intersection to another. Each line segment has been assigned a code to indicate its corresponding sidewalk presence. The description of each code is outlined below:&lt;/SPAN&gt;&lt;/SPAN&gt;&lt;/P&gt;&lt;P /&gt;&lt;TABLE STYLE="margin:0 0 0 0;"&gt;&lt;TBODY&gt;&lt;TR&gt;&lt;TD STYLE="padding:0 8 0 8;"&gt;&lt;P STYLE="font-weight:bold;font-size:16ptmargin:0 0 11 0;"&gt;&lt;SPAN&gt;&lt;SPAN&gt;SDWLK_Code&lt;/SPAN&gt;&lt;/SPAN&gt;&lt;/P&gt;&lt;/TD&gt;&lt;TD STYLE="padding:0 8 0 8;"&gt;&lt;P STYLE="font-weight:bold;font-size:16ptmargin:0 0 11 0;"&gt;&lt;SPAN&gt;&lt;SPAN&gt;Description&lt;/SPAN&gt;&lt;/SPAN&gt;&lt;/P&gt;&lt;/TD&gt;&lt;/TR&gt;&lt;TR&gt;&lt;TD STYLE="padding:0 8 0 8;"&gt;&lt;P STYLE="font-size:16ptmargin:0 0 11 0;"&gt;&lt;SPAN&gt;&lt;SPAN&gt;1&lt;/SPAN&gt;&lt;/SPAN&gt;&lt;/P&gt;&lt;/TD&gt;&lt;TD STYLE="padding:0 8 0 8;"&gt;&lt;P STYLE="font-size:16ptmargin:0 0 11 0;"&gt;&lt;SPAN&gt;&lt;SPAN&gt;Sidewalk on south side only&lt;/SPAN&gt;&lt;/SPAN&gt;&lt;/P&gt;&lt;/TD&gt;&lt;/TR&gt;&lt;TR&gt;&lt;TD STYLE="padding:0 8 0 8;"&gt;&lt;P STYLE="font-size:16ptmargin:0 0 11 0;"&gt;&lt;SPAN&gt;&lt;SPAN&gt;2&lt;/SPAN&gt;&lt;/SPAN&gt;&lt;/P&gt;&lt;/TD&gt;&lt;TD STYLE="padding:0 8 0 8;"&gt;&lt;P STYLE="font-size:16ptmargin:0 0 11 0;"&gt;&lt;SPAN&gt;&lt;SPAN&gt;Sidewalk on north side only&lt;/SPAN&gt;&lt;/SPAN&gt;&lt;/P&gt;&lt;/TD&gt;&lt;/TR&gt;&lt;TR&gt;&lt;TD STYLE="padding:0 8 0 8;"&gt;&lt;P STYLE="font-size:16ptmargin:0 0 11 0;"&gt;&lt;SPAN&gt;&lt;SPAN&gt;3&lt;/SPAN&gt;&lt;/SPAN&gt;&lt;/P&gt;&lt;/TD&gt;&lt;TD STYLE="padding:0 8 0 8;"&gt;&lt;P STYLE="font-size:16ptmargin:0 0 11 0;"&gt;&lt;SPAN&gt;&lt;SPAN&gt;No sidewalk on either side&lt;/SPAN&gt;&lt;/SPAN&gt;&lt;/P&gt;&lt;/TD&gt;&lt;/TR&gt;&lt;TR&gt;&lt;TD STYLE="padding:0 8 0 8;"&gt;&lt;P STYLE="font-size:16ptmargin:0 0 11 0;"&gt;&lt;SPAN&gt;&lt;SPAN&gt;4&lt;/SPAN&gt;&lt;/SPAN&gt;&lt;/P&gt;&lt;/TD&gt;&lt;TD STYLE="padding:0 8 0 8;"&gt;&lt;P STYLE="font-size:16ptmargin:0 0 11 0;"&gt;&lt;SPAN&gt;&lt;SPAN&gt;Sidewalk on west side only&lt;/SPAN&gt;&lt;/SPAN&gt;&lt;/P&gt;&lt;/TD&gt;&lt;/TR&gt;&lt;TR&gt;&lt;TD STYLE="padding:0 8 0 8;"&gt;&lt;P STYLE="font-size:16ptmargin:0 0 11 0;"&gt;&lt;SPAN&gt;&lt;SPAN&gt;5&lt;/SPAN&gt;&lt;/SPAN&gt;&lt;/P&gt;&lt;/TD&gt;&lt;TD STYLE="padding:0 8 0 8;"&gt;&lt;P STYLE="font-size:16ptmargin:0 0 11 0;"&gt;&lt;SPAN&gt;&lt;SPAN&gt;Sidewalk on east side only&lt;/SPAN&gt;&lt;/SPAN&gt;&lt;/P&gt;&lt;/TD&gt;&lt;/TR&gt;&lt;TR&gt;&lt;TD STYLE="padding:0 8 0 8;"&gt;&lt;P STYLE="font-size:16ptmargin:0 0 11 0;"&gt;&lt;SPAN&gt;&lt;SPAN&gt;6&lt;/SPAN&gt;&lt;/SPAN&gt;&lt;/P&gt;&lt;/TD&gt;&lt;TD STYLE="padding:0 8 0 8;"&gt;&lt;P STYLE="font-size:16ptmargin:0 0 11 0;"&gt;&lt;SPAN&gt;&lt;SPAN&gt;Pending (Roadway under development)&lt;/SPAN&gt;&lt;/SPAN&gt;&lt;/P&gt;&lt;/TD&gt;&lt;/TR&gt;&lt;TR&gt;&lt;TD STYLE="padding:0 8 0 8;"&gt;&lt;P STYLE="font-size:16ptmargin:0 0 11 0;"&gt;&lt;SPAN&gt;&lt;SPAN&gt;7&lt;/SPAN&gt;&lt;/SPAN&gt;&lt;/P&gt;&lt;/TD&gt;&lt;TD STYLE="padding:0 8 0 8;"&gt;&lt;P STYLE="font-size:16ptmargin:0 0 11 0;"&gt;&lt;SPAN&gt;&lt;SPAN&gt;Sidewalk on both sides&lt;/SPAN&gt;&lt;/SPAN&gt;&lt;/P&gt;&lt;/TD&gt;&lt;/TR&gt;&lt;TR&gt;&lt;TD STYLE="padding:0 8 0 8;"&gt;&lt;P STYLE="font-size:16ptmargin:0 0 11 0;"&gt;&lt;SPAN&gt;&lt;SPAN&gt;10&lt;/SPAN&gt;&lt;/SPAN&gt;&lt;/P&gt;&lt;/TD&gt;&lt;TD STYLE="padding:0 8 0 8;"&gt;&lt;P STYLE="font-size:16ptmargin:0 0 11 0;"&gt;&lt;SPAN&gt;&lt;SPAN&gt;Laneway without sidewalks&lt;/SPAN&gt;&lt;/SPAN&gt;&lt;/P&gt;&lt;/TD&gt;&lt;/TR&gt;&lt;TR&gt;&lt;TD STYLE="padding:0 8 0 8;"&gt;&lt;P STYLE="font-size:16ptmargin:0 0 11 0;"&gt;&lt;SPAN&gt;&lt;SPAN&gt;11&lt;/SPAN&gt;&lt;/SPAN&gt;&lt;/P&gt;&lt;/TD&gt;&lt;TD STYLE="padding:0 8 0 8;"&gt;&lt;P STYLE="font-size:16ptmargin:0 0 11 0;"&gt;&lt;SPAN&gt;&lt;SPAN&gt;Walkway&lt;/SPAN&gt;&lt;/SPAN&gt;&lt;/P&gt;&lt;/TD&gt;&lt;/TR&gt;&lt;TR&gt;&lt;TD STYLE="padding:0 8 0 8;"&gt;&lt;P STYLE="font-size:16ptmargin:0 0 11 0;"&gt;&lt;SPAN&gt;&lt;SPAN&gt;12&lt;/SPAN&gt;&lt;/SPAN&gt;&lt;/P&gt;&lt;/TD&gt;&lt;TD STYLE="padding:0 8 0 8;"&gt;&lt;P STYLE="font-size:16ptmargin:0 0 11 0;"&gt;&lt;SPAN&gt;&lt;SPAN&gt;Pathway&lt;/SPAN&gt;&lt;/SPAN&gt;&lt;/P&gt;&lt;/TD&gt;&lt;/TR&gt;&lt;TR&gt;&lt;TD STYLE="padding:0 8 0 8;"&gt;&lt;P STYLE="font-size:16ptmargin:0 0 11 0;"&gt;&lt;SPAN&gt;&lt;SPAN&gt;13&lt;/SPAN&gt;&lt;/SPAN&gt;&lt;/P&gt;&lt;/TD&gt;&lt;TD STYLE="padding:0 8 0 8;"&gt;&lt;P STYLE="font-size:16ptmargin:0 0 11 0;"&gt;&lt;SPAN&gt;&lt;SPAN&gt;Not applicable&lt;/SPAN&gt;&lt;/SPAN&gt;&lt;/P&gt;&lt;/TD&gt;&lt;/TR&gt;&lt;/TBODY&gt;&lt;/TABLE&gt;&lt;P /&gt;&lt;P STYLE="font-weight:bold;font-size:16ptmargin:0 0 0 0;"&gt;&lt;SPAN&gt;&lt;SPAN&gt;Further Clarification:&lt;/SPAN&gt;&lt;/SPAN&gt;&lt;/P&gt;&lt;P /&gt;&lt;P STYLE="font-size:16ptmargin:0 0 0 0;"&gt;&lt;SPAN&gt;&lt;SPAN&gt;Pending (code 6) segments indicate areas which are under new development (construction) and may or may not include a sidewalk after the observed development is completed.&lt;/SPAN&gt;&lt;/SPAN&gt;&lt;/P&gt;&lt;P /&gt;&lt;P STYLE="font-size:16ptmargin:0 0 0 0;"&gt;&lt;SPAN&gt;&lt;SPAN&gt;Walkways (code 11) within the inventory are pedestrian only paths that typically connect two roadways and are part of the official City centerline data. &lt;/SPAN&gt;&lt;/SPAN&gt;&lt;/P&gt;&lt;P /&gt;&lt;P STYLE="font-size:16ptmargin:0 0 0 0;"&gt;&lt;SPAN&gt;&lt;SPAN&gt;Pathways (code 12): Pathways are segments that are pedestrian paths of interest observed within the aerial imagery but not documented within the official City centreline data. These unofficial paths may not be maintained or owned by the City. Examples of pathways include walkways, recreational trails and desire lines which may not be paved.&lt;/SPAN&gt;&lt;/SPAN&gt;&lt;/P&gt;&lt;P /&gt;&lt;P STYLE="font-size:16ptmargin:0 0 0 0;"&gt;&lt;SPAN&gt;&lt;SPAN&gt;Not applicable (code 13) segments are either roadways on which the City does not build sidewalks (e.g. expressways and dedicated busways) or features that are not physical roadways (e.g. shorelines, railways).&lt;/SPAN&gt;&lt;/SPAN&gt;&lt;/P&gt;&lt;P /&gt;&lt;P STYLE="font-size:16ptmargin:0 0 0 0;"&gt;&lt;SPAN&gt;&lt;SPAN&gt;Sidewalks are not a required component of laneways, however, where sidewalks are present on laneways codes 1 to 7 are used to indicate sidewalk presence. Otherwise code 10 is used to indicate laneways without sidewalks. &lt;/SPAN&gt;&lt;/SPAN&gt;&lt;/P&gt;&lt;P /&gt;&lt;P STYLE="font-size:16ptmargin:0 0 0 0;"&gt;&lt;SPAN&gt;&lt;SPAN&gt;Sidewalk codes are determined on a worse case basis. For example if a roadway segment only has full sidewalks on one side but partial sidewalks on the other side, the segment is considered as having a sidewalk on one side only.&lt;/SPAN&gt;&lt;/SPAN&gt;&lt;/P&gt;&lt;P /&gt;&lt;P STYLE="font-weight:bold;font-size:16ptmargin:0 0 0 0;"&gt;&lt;SPAN&gt;&lt;SPAN&gt;Other Data Field Descriptions:&lt;/SPAN&gt;&lt;/SPAN&gt;&lt;/P&gt;&lt;P /&gt;&lt;P STYLE="font-size:16ptmargin:0 0 0 0;"&gt;&lt;SPAN&gt;&lt;SPAN&gt;To document the presence of a sidewalk with partial / intermittent coverage, the "partial" indicator is included as a field in the inventory. Additionally, a "multiuse" indicator is included as a field to provide further information on the sidewalk conditions of a segment. These fields are described below:&lt;/SPAN&gt;&lt;/SPAN&gt;&lt;/P&gt;&lt;P /&gt;&lt;P STYLE="font-size:16ptmargin:0 0 0 54;"&gt;&lt;SPAN STYLE="font-weight:bold;"&gt;&lt;SPAN&gt;Partial&lt;/SPAN&gt;&lt;/SPAN&gt;&lt;SPAN&gt;&lt;SPAN&gt;: Some sidewalks end before they reach the next intersection, or only exist for a part of the block. Segments with this sidewalk condition are marked with a "1" in the "partial" field of the inventory. An entry of "0" indicates that the sidewalk, if present, is not partial.&lt;/SPAN&gt;&lt;/SPAN&gt;&lt;/P&gt;&lt;P /&gt;&lt;P STYLE="font-size:16ptmargin:0 0 0 54;"&gt;&lt;SPAN STYLE="font-weight:bold;"&gt;&lt;SPAN&gt;Multi-use&lt;/SPAN&gt;&lt;/SPAN&gt;&lt;SPAN&gt;&lt;SPAN&gt;: Some pedestrian pathways adjacent to roadways are intended to be multi-use trails which accommodate other methods of transportation such as cycling. If a dedicated sidewalk is not present but a multi-use trail is, the segment is still considered to have a sidewalk, but is marked with a "1" in the "multi-use" field of the inventory. An entry of "0" indicates there is either no multi-use trail present or that a dedicated sidewalk is present in addition to the multi-use trail.&lt;/SPAN&gt;&lt;/SPAN&gt;&lt;/P&gt;&lt;P /&gt;&lt;P STYLE="font-size:16ptmargin:0 0 0 0;"&gt;&lt;SPAN&gt;&lt;SPAN&gt;Other centreline related information for each segment is included in the sidewalk inventory. These fields are described below:&lt;/SPAN&gt;&lt;/SPAN&gt;&lt;/P&gt;&lt;P /&gt;&lt;P STYLE="font-size:16ptmargin:0 0 0 48;"&gt;&lt;SPAN STYLE="font-weight:bold;"&gt;&lt;SPAN&gt;FID: &lt;/SPAN&gt;&lt;/SPAN&gt;&lt;SPAN&gt;&lt;SPAN&gt;System generated unique geographic identifier.&lt;/SPAN&gt;&lt;/SPAN&gt;&lt;/P&gt;&lt;P /&gt;&lt;P STYLE="font-size:16ptmargin:0 0 0 48;"&gt;&lt;SPAN STYLE="font-weight:bold;"&gt;&lt;SPAN&gt;Shape: &lt;/SPAN&gt;&lt;/SPAN&gt;&lt;SPAN&gt;&lt;SPAN&gt;Geometry type (i.e. Polyline)&lt;/SPAN&gt;&lt;/SPAN&gt;&lt;/P&gt;&lt;P /&gt;&lt;P STYLE="font-size:16ptmargin:0 0 0 48;"&gt;&lt;SPAN STYLE="font-weight:bold;"&gt;&lt;SPAN&gt;GEO_ID: &lt;/SPAN&gt;&lt;/SPAN&gt;&lt;SPAN&gt;&lt;SPAN&gt;A unique identifier associating the segment with the city centreline data. This data is unavailable for pathways (sidewalk code 12) as they are not included within the official city centreline. Some of these identifiers may become outdated as the centreline dataset is modified (i.e. updated) and refreshed more frequently than the sidewalk inventory.&lt;/SPAN&gt;&lt;/SPAN&gt;&lt;/P&gt;&lt;P /&gt;&lt;P STYLE="font-size:16ptmargin:0 0 0 48;"&gt;&lt;SPAN STYLE="font-weight:bold;"&gt;&lt;SPAN&gt;LINEAR_N_1&lt;/SPAN&gt;&lt;/SPAN&gt;&lt;SPAN&gt;&lt;SPAN&gt;: Street name with abbreviated suffix.&lt;/SPAN&gt;&lt;/SPAN&gt;&lt;/P&gt;&lt;P /&gt;&lt;P STYLE="font-size:16ptmargin:0 0 0 48;"&gt;&lt;SPAN STYLE="font-weight:bold;"&gt;&lt;SPAN&gt;LINEAR_N_2&lt;/SPAN&gt;&lt;/SPAN&gt;&lt;SPAN&gt;&lt;SPAN&gt;: Full street name.&lt;/SPAN&gt;&lt;/SPAN&gt;&lt;/P&gt;&lt;P /&gt;&lt;P STYLE="font-size:16ptmargin:0 0 0 48;"&gt;&lt;SPAN STYLE="font-weight:bold;"&gt;&lt;SPAN&gt;ADDRESS_L&lt;/SPAN&gt;&lt;/SPAN&gt;&lt;SPAN&gt;&lt;SPAN&gt;: Address number ranges on left (typically north or west) side of road.&lt;/SPAN&gt;&lt;/SPAN&gt;&lt;/P&gt;&lt;P /&gt;&lt;P STYLE="font-size:16ptmargin:0 0 0 48;"&gt;&lt;SPAN STYLE="font-weight:bold;"&gt;&lt;SPAN&gt;ADDRESS_R&lt;/SPAN&gt;&lt;/SPAN&gt;&lt;SPAN&gt;&lt;SPAN&gt;: Address number ranges on right (typically south or east) side of the road.&lt;/SPAN&gt;&lt;/SPAN&gt;&lt;/P&gt;&lt;P /&gt;&lt;P STYLE="font-size:16ptmargin:0 0 0 48;"&gt;&lt;SPAN STYLE="font-weight:bold;"&gt;&lt;SPAN&gt;LINEAR_N_3&lt;/SPAN&gt;&lt;/SPAN&gt;&lt;SPAN&gt;&lt;SPAN&gt;: Street name with no suffix.&lt;/SPAN&gt;&lt;/SPAN&gt;&lt;/P&gt;&lt;P /&gt;&lt;P STYLE="font-size:16ptmargin:0 0 0 48;"&gt;&lt;SPAN STYLE="font-weight:bold;"&gt;&lt;SPAN&gt;LINEAR_N_4&lt;/SPAN&gt;&lt;/SPAN&gt;&lt;SPAN&gt;&lt;SPAN&gt;: Street suffix only.&lt;/SPAN&gt;&lt;/SPAN&gt;&lt;/P&gt;&lt;P /&gt;&lt;P STYLE="font-size:16ptmargin:0 0 0 48;"&gt;&lt;SPAN STYLE="font-weight:bold;"&gt;&lt;SPAN&gt;LINEAR_N_5&lt;/SPAN&gt;&lt;/SPAN&gt;&lt;SPAN&gt;&lt;SPAN&gt;: Street direction.&lt;/SPAN&gt;&lt;/SPAN&gt;&lt;/P&gt;&lt;P /&gt;&lt;P STYLE="font-size:16ptmargin:0 0 0 48;"&gt;&lt;SPAN STYLE="font-weight:bold;"&gt;&lt;SPAN&gt;LINEAR_N_6&lt;/SPAN&gt;&lt;/SPAN&gt;&lt;SPAN&gt;&lt;SPAN&gt;: Former Municipality/District noted for duplicate street names.&lt;/SPAN&gt;&lt;/SPAN&gt;&lt;/P&gt;&lt;P /&gt;&lt;P STYLE="font-size:16ptmargin:0 0 0 48;"&gt;&lt;SPAN STYLE="font-weight:bold;"&gt;&lt;SPAN&gt;JURISDICTI&lt;/SPAN&gt;&lt;/SPAN&gt;&lt;SPAN&gt;&lt;SPAN&gt;: Jurisdiction (ownership) of street segment.&lt;/SPAN&gt;&lt;/SPAN&gt;&lt;/P&gt;&lt;P /&gt;&lt;P STYLE="font-size:16ptmargin:0 0 0 48;"&gt;&lt;SPAN STYLE="font-weight:bold;"&gt;&lt;SPAN&gt;SDWLK_DESC&lt;/SPAN&gt;&lt;/SPAN&gt;&lt;SPAN&gt;&lt;SPAN&gt;: A textual description of the segment and its relation to the sidewalk inventory. This text is generated based on the other data fields. It describes whether a sidewalk is present or partially present, which side of the roadway the sidewalk is present on or what type of feature the segment represents otherwise. &lt;/SPAN&gt;&lt;/SPAN&gt;&lt;/P&gt;&lt;P /&gt;&lt;P STYLE="font-size:16ptmargin:0 0 0 48;"&gt;&lt;SPAN STYLE="font-weight:bold;"&gt;&lt;SPAN&gt;Road_Type&lt;/SPAN&gt;&lt;/SPAN&gt;&lt;SPAN&gt;&lt;SPAN&gt;: Describes the road classification of a segment (e.g. local, collector, major arterial). This information is derived directly from the 2016 city centreline data.&lt;/SPAN&gt;&lt;/SPAN&gt;&lt;/P&gt;&lt;P /&gt;&lt;P STYLE="font-size:16ptmargin:0 0 0 48;"&gt;&lt;SPAN STYLE="font-weight:bold;"&gt;&lt;SPAN&gt;Shape_Leng&lt;/SPAN&gt;&lt;/SPAN&gt;&lt;SPAN&gt;&lt;SPAN&gt;: Length of road segment in meters.&lt;/SPAN&gt;&lt;/SPAN&gt;&lt;/P&gt;&lt;P /&gt;&lt;P STYLE="font-size:16ptmargin:0 0 0 0;"&gt;&lt;SPAN&gt;&lt;SPAN&gt;Although the sidewalk inventory contains information on trails, roadways and other features related to the centreline, its intent is to provide information about sidewalks. Information on other features may be incomplete/out of date. For more updated or expanded datasets on such features, please visit the City of Toronto Open Data website.&lt;/SPAN&gt;&lt;/SPAN&gt;&lt;/P&gt;&lt;P /&gt;&lt;/DIV&gt;</idAbs><searchKeys><keyword>sidewalk</keyword><keyword>inventory</keyword><keyword>toronto</keyword><keyword>pedestrian</keyword><keyword>walkway</keyword><keyword>pathway</keyword><keyword>walking</keyword><keyword>transportation</keyword></searchKeys><idCredit>Pedestrian Projects, Public Realm, Transportation Services, City of Toronto</idCredit><resConst><Consts><useLimit>&lt;DIV STYLE="text-align:Left;"&gt;&lt;DIV&gt;&lt;DIV&gt;&lt;P&gt;&lt;SPAN&gt;Toronto Open Government License:&lt;/SPAN&gt;&lt;/P&gt;&lt;P&gt;&lt;SPAN&gt;http://www1.toronto.ca/wps/portal/contentonly?vgnextoid=4a37e03bb8d1e310VgnVCM10000071d60f89RCRD&lt;/SPAN&gt;&lt;/P&gt;&lt;/DIV&gt;&lt;/DIV&gt;&lt;/DIV&gt;</useLimit></Consts></resConst></dataIdInfo><mdLang><languageCode value="eng" Sync="TRUE"/><countryCode value="CAN" Sync="TRUE"/></mdLang><mdChar><CharSetCd value="004" Sync="TRUE"/></mdChar><distInfo><distFormat><formatName Sync="TRUE">Shapefile</formatName></distFormat><distTranOps><transSize Sync="TRUE">10.502</transSize></distTranOps></distInfo><mdHrLv><ScopeCd value="005" Sync="TRUE"/></mdHrLv><mdHrLvName Sync="TRUE">dataset</mdHrLvName><refSysInfo><RefSystem><refSysID><identCode code="0" Sync="TRUE"/></refSysID></RefSystem></refSysInfo><spatRepInfo><VectSpatRep><geometObjs Name="Sidewalk_Inventory_wgs84"><geoObjTyp><GeoObjTypCd value="002" Sync="TRUE"></GeoObjTypCd></geoObjTyp><geoObjCnt Sync="TRUE">64853</geoObjCnt></geometObjs><topLvl><TopoLevCd value="001" Sync="TRUE"></TopoLevCd></topLvl></VectSpatRep></spatRepInfo><spdoinfo><ptvctinf><esriterm Name="Sidewalk_Inventory_wgs84"><efeatyp Sync="TRUE">Simple</efeatyp><efeageom code="3" Sync="TRUE"></efeageom><esritopo Sync="TRUE">FALSE</esritopo><efeacnt Sync="TRUE">64853</efeacnt><spindex Sync="TRUE">TRUE</spindex><linrefer Sync="TRUE">FALSE</linrefer></esriterm></ptvctinf></spdoinfo><eainfo><detailed Name="Sidewalk_Inventory_wgs84"><enttyp><enttypl Sync="TRUE">Sidewalk_Inventory_wgs84</enttypl><enttypt Sync="TRUE">Feature Class</enttypt><enttypc Sync="TRUE">64853</enttypc></enttyp><attr><attrlabl Sync="TRUE">FID</attrlabl><attalias Sync="TRUE">FID</attalias><attrtype Sync="TRUE">OID</attrtype><attwidth Sync="TRUE">4</attwidth><atprecis Sync="TRUE">0</atprecis><attscale Sync="TRUE">0</attscale><attrdef Sync="TRUE">Internal feature number.</attrdef><attrdefs Sync="TRUE">Esri</attrdefs><attrdomv><udom Sync="TRUE">Sequential unique whole numbers that are automatically generated.</udom></attrdomv></attr><attr><attrlabl Sync="TRUE">Shape</attrlabl><attalias Sync="TRUE">Shape</attalias><attrtype Sync="TRUE">Geometry</attrtype><attwidth Sync="TRUE">0</attwidth><atprecis Sync="TRUE">0</atprecis><attscale Sync="TRUE">0</attscale><attrdef Sync="TRUE">Feature geometry.</attrdef><attrdefs Sync="TRUE">Esri</attrdefs><attrdomv><udom Sync="TRUE">Coordinates defining the features.</udom></attrdomv></attr><attr><attrlabl Sync="TRUE">LINEAR_N_1</attrlabl><attalias Sync="TRUE">LINEAR_N_1</attalias><attrtype Sync="TRUE">String</attrtype><attwidth Sync="TRUE">110</attwidth><atprecis Sync="TRUE">0</atprecis><attscale Sync="TRUE">0</attscale></attr><attr><attrlabl Sync="TRUE">LINEAR_N_2</attrlabl><attalias Sync="TRUE">LINEAR_N_2</attalias><attrtype Sync="TRUE">String</attrtype><attwidth Sync="TRUE">110</attwidth><atprecis Sync="TRUE">0</atprecis><attscale Sync="TRUE">0</attscale></attr><attr><attrlabl Sync="TRUE">ADDRESS_L</attrlabl><attalias Sync="TRUE">ADDRESS_L</attalias><attrtype Sync="TRUE">String</attrtype><attwidth Sync="TRUE">20</attwidth><atprecis Sync="TRUE">0</atprecis><attscale Sync="TRUE">0</attscale></attr><attr><attrlabl Sync="TRUE">ADDRESS_R</attrlabl><attalias Sync="TRUE">ADDRESS_R</attalias><attrtype Sync="TRUE">String</attrtype><attwidth Sync="TRUE">20</attwidth><atprecis Sync="TRUE">0</atprecis><attscale Sync="TRUE">0</attscale></attr><attr><attrlabl Sync="TRUE">LINEAR_N_3</attrlabl><attalias Sync="TRUE">LINEAR_N_3</attalias><attrtype Sync="TRUE">String</attrtype><attwidth Sync="TRUE">60</attwidth><atprecis Sync="TRUE">0</atprecis><attscale Sync="TRUE">0</attscale></attr><attr><attrlabl Sync="TRUE">LINEAR_N_4</attrlabl><attalias Sync="TRUE">LINEAR_N_4</attalias><attrtype Sync="TRUE">String</attrtype><attwidth Sync="TRUE">15</attwidth><atprecis Sync="TRUE">0</atprecis><attscale Sync="TRUE">0</attscale></attr><attr><attrlabl Sync="TRUE">LINEAR_N_5</attrlabl><attalias Sync="TRUE">LINEAR_N_5</attalias><attrtype Sync="TRUE">String</attrtype><attwidth Sync="TRUE">10</attwidth><atprecis Sync="TRUE">0</atprecis><attscale Sync="TRUE">0</attscale></attr><attr><attrlabl Sync="TRUE">LINEAR_N_6</attrlabl><attalias Sync="TRUE">LINEAR_N_6</attalias><attrtype Sync="TRUE">String</attrtype><attwidth Sync="TRUE">30</attwidth><atprecis Sync="TRUE">0</atprecis><attscale Sync="TRUE">0</attscale></attr><attr><attrlabl Sync="TRUE">JURISDICTI</attrlabl><attalias Sync="TRUE">JURISDICTI</attalias><attrtype Sync="TRUE">String</attrtype><attwidth Sync="TRUE">20</attwidth><atprecis Sync="TRUE">0</atprecis><attscale Sync="TRUE">0</attscale></attr><attr><attrlabl Sync="TRUE">SDWLK_Code</attrlabl><attalias Sync="TRUE">SDWLK_Code</attalias><attrtype Sync="TRUE">Integer</attrtype><attwidth Sync="TRUE">5</attwidth><atprecis Sync="TRUE">5</atprecis><attscale Sync="TRUE">0</attscale></attr><attr><attrlabl Sync="TRUE">Partial</attrlabl><attalias Sync="TRUE">Partial</attalias><attrtype Sync="TRUE">Integer</attrtype><attwidth Sync="TRUE">5</attwidth><atprecis Sync="TRUE">5</atprecis><attscale Sync="TRUE">0</attscale></attr><attr><attrlabl Sync="TRUE">Multiuse</attrlabl><attalias Sync="TRUE">Multiuse</attalias><attrtype Sync="TRUE">Integer</attrtype><attwidth Sync="TRUE">5</attwidth><atprecis Sync="TRUE">5</atprecis><attscale Sync="TRUE">0</attscale></attr><attr><attrlabl Sync="TRUE">Road_Type</attrlabl><attalias Sync="TRUE">Road_Type</attalias><attrtype Sync="TRUE">String</attrtype><attwidth Sync="TRUE">50</attwidth><atprecis Sync="TRUE">0</atprecis><attscale Sync="TRUE">0</attscale></attr><attr><attrlabl Sync="TRUE">SDWLK_DESC</attrlabl><attalias Sync="TRUE">SDWLK_DESC</attalias><attrtype Sync="TRUE">String</attrtype><attwidth Sync="TRUE">100</attwidth><atprecis Sync="TRUE">0</atprecis><attscale Sync="TRUE">0</attscale></attr><attr><attrlabl Sync="TRUE">Shape_Leng</attrlabl><attalias Sync="TRUE">Shape_Leng</attalias><attrtype Sync="TRUE">Double</attrtype><attwidth Sync="TRUE">19</attwidth><atprecis Sync="TRUE">0</atprecis><attscale Sync="TRUE">0</attscale></attr><attr><attrlabl Sync="TRUE">GEO_ID</attrlabl><attalias Sync="TRUE">GEO_ID</attalias><attrtype Sync="TRUE">Double</attrtype><attwidth Sync="TRUE">19</attwidth><atprecis Sync="TRUE">0</atprecis><attscale Sync="TRUE">0</attscale></attr></detailed></eainfo><mdDateSt Sync="TRUE">20170621</mdDateSt></metadata>
