field,name
FIELD_1,_id
FIELD_2,OBJECTID
FIELD_3,AGENCY_NAME
FIELD_4,ORGANIZATION_ADDRESS
FIELD_5,NEIGHBOURHOOD
FIELD_6,OFFICE_PHONE
FIELD_7,EMAIL
FIELD_8,WEBSITE
FIELD_9,ELIGIBILITY
FIELD_10,DESCRIPTION_SERVICE
FIELD_11,APPLICATION
FIELD_12,LANGUAGES
FIELD_13,ACCESSIBILITY
FIELD_14,HOURS
FIELD_15,LEGAL_STATUS
FIELD_16,DATE_UPDATED
FIELD_17,ADDRESS_POINT_ID
FIELD_18,X
FIELD_19,Y
FIELD_20,LONGITUDE
FIELD_21,LATITUDE
FIELD_22,ADDRESS_FULL
FIELD_23,MUNICIPALITY
FIELD_24,POSTAL_CODE
geometry,geometry
