<?xml version="1.0" encoding="UTF-8"?>
<metadata xml:lang="en">
	<Esri>
		<DataProperties>
			<itemProps>
				<itemName Sync="TRUE">ParksSportsFieldPoint</itemName>
				<imsContentType Sync="TRUE">002</imsContentType>
				<itemSize Sync="TRUE">0.000</itemSize>
				<itemLocation>
					<linkage Sync="TRUE">file://\\142.1.121.200\dev$\Publishing\DMTI_2020\DMTI_2020_Regular\DMTI_2020_CMCS_ParksSportsFieldPoint\geoportal\ParksSportsFieldPoint</linkage>
					<protocol Sync="TRUE">Local Area Network</protocol>
				</itemLocation>
			</itemProps>
			<coordRef>
				<type Sync="TRUE">Geographic</type>
				<geogcsn Sync="TRUE">GCS_WGS_1984</geogcsn>
				<csUnits Sync="TRUE">Angular Unit: Degree (0.017453)</csUnits>
				<peXml Sync="TRUE">&lt;GeographicCoordinateSystem xsi:type='typens:GeographicCoordinateSystem' xmlns:xsi='http://www.w3.org/2001/XMLSchema-instance' xmlns:xs='http://www.w3.org/2001/XMLSchema' xmlns:typens='http://www.esri.com/schemas/ArcGIS/2.6.0'&gt;&lt;WKT&gt;GEOGCS[&amp;quot;GCS_WGS_1984&amp;quot;,DATUM[&amp;quot;D_WGS_1984&amp;quot;,SPHEROID[&amp;quot;WGS_1984&amp;quot;,6378137.0,298.257223563]],PRIMEM[&amp;quot;Greenwich&amp;quot;,0.0],UNIT[&amp;quot;Degree&amp;quot;,0.0174532925199433],AUTHORITY[&amp;quot;EPSG&amp;quot;,4326]]&lt;/WKT&gt;&lt;XOrigin&gt;-400&lt;/XOrigin&gt;&lt;YOrigin&gt;-400&lt;/YOrigin&gt;&lt;XYScale&gt;11258999068426.238&lt;/XYScale&gt;&lt;ZOrigin&gt;-100000&lt;/ZOrigin&gt;&lt;ZScale&gt;10000&lt;/ZScale&gt;&lt;MOrigin&gt;-100000&lt;/MOrigin&gt;&lt;MScale&gt;10000&lt;/MScale&gt;&lt;XYTolerance&gt;8.983152841195215e-09&lt;/XYTolerance&gt;&lt;ZTolerance&gt;0.001&lt;/ZTolerance&gt;&lt;MTolerance&gt;0.001&lt;/MTolerance&gt;&lt;HighPrecision&gt;true&lt;/HighPrecision&gt;&lt;LeftLongitude&gt;-180&lt;/LeftLongitude&gt;&lt;WKID&gt;4326&lt;/WKID&gt;&lt;LatestWKID&gt;4326&lt;/LatestWKID&gt;&lt;/GeographicCoordinateSystem&gt;</peXml>
			</coordRef>
			<lineage>
				<Process ToolSource="z:\home\manikons\arcgis\server\framework\runtime\arcgis\Resources\ArcToolbox\toolboxes\Data Management Tools.tbx\CopyFeatures" Date="20210217" Time="042845">CopyFeatures /mnt/geo/Data_for_Loading/DMTI/CanMapContentSuite/v2020.3/CanMapContentSuitev2020.3/CAN/Data/CanMapContentSuite.gdb\ParksSportsFieldPoint Z:\mnt\geo\sunil\20200217_DMTI_Shapefiles\Parkssportsfieldpoint\ParksSportsFieldPoint.shp # # # #</Process>
			</lineage>
			<copyHistory><copy source="\\142.1.121.200\dev$\Data_for_Loading\DMTI\CanMapContentSuite\v2020.3\CanMapContentSuitev2020.3\Shapefiles\ParksSportsFieldPoint" dest="\\142.1.121.200\dev$\Publishing\DMTI_2020\DMTI_2020_Regular\DMTI_2020_CMCS_ParksSportsFieldPoint\geoportal\ParksSportsFieldPoint" date="20210317" time="11455300"></copy></copyHistory></DataProperties>
		<SyncDate>20210217</SyncDate>
		<SyncTime>04284400</SyncTime>
		<ModDate>20210217</ModDate>
		<ModTime>04284400</ModTime>
		<CreaDate>20210317</CreaDate><CreaTime>11455300</CreaTime><ArcGISstyle>North American Profile of ISO19115 2003</ArcGISstyle><SyncOnce>TRUE</SyncOnce></Esri>
	<dataIdInfo>
		<idCitation>
			<resTitle Sync="FALSE">Park Points</resTitle>
			<Title>Park Points</Title>
			<presForm>
				<PresFormCd Sync="FALSE"/>
			</presForm>
			<resRefDate>
				<refDate>20021115</refDate>
				<refDateType>
					<DateTypCd value="001"/>
				</refDateType>
			</resRefDate>
			<resRefDate>
				<refDate>20200915</refDate>
				<refDateType>
					<DateTypCd value="003"/>
				</refDateType>
			</resRefDate>
			<resRefDate>
				<refDate>20200915</refDate>
				<refDateType>
					<DateTypCd value="002"/>
				</refDateType>
			</resRefDate>
			<resEdDate>20200915</resEdDate>
			<resEd>2020.3</resEd>
		</idCitation>
		<dataLang>
			<languageCode value="en" Sync="FALSE"/>
			<countryCode value="" Sync="TRUE"/>
		</dataLang>
		<idAbs>Park and recreation points layer represents over 150 national, provincial and territorial parks and over 2,300 recreation areas across Canada.</idAbs>
		<descKeys KeyTypCd="005">
			<keyTyp>
				<KeyTypCd value="005"/>
			</keyTyp>
			<keyword>Cemetery</keyword>
			<keyword> picnic site</keyword>
			<keyword> swimming pool</keyword>
			<keyword> camp site</keyword>
			<thesaName>
				<resTitle>Not Available</resTitle>
			</thesaName>
		</descKeys>
		<tpCat>
			<TopicCatCd value="007"/>
		</tpCat>
		<dataScale>
			<equScale>
				<rfDenom>1000/50000</rfDenom>
			</equScale>
		</dataScale>
		<resMaint>
			<maintFreq>
				<MaintFreqCd value="009"/>
			</maintFreq>
			<dateNext>20201215</dateNext>
		</resMaint>
		<dataExt>
			<tempEle>
				<TempExtent>
					<exTemp>
						<TM_GeometricPrimitive>
							<TM_Period>
								<begin>20021115</begin>
								<end>20200915</end>
							</TM_Period>
						</TM_GeometricPrimitive>
					</exTemp>
				</TempExtent>
			</tempEle>
		</dataExt>
		<resConst>
			<Consts>
				<useLimit>As Per End User License Agreement</useLimit>
			</Consts>
		</resConst>
		<envirDesc Sync="TRUE">Microsoft Windows 7 Version 6.1 (Build 7601) Service Pack 1; Esri ArcGIS 12.6.0.24234</envirDesc>
		<spatRpType>
			<SpatRepTypCd value="001" Sync="TRUE"/>
		</spatRpType>
	</dataIdInfo>
	<idinfo>
		<citation>
			<citeinfo>
				<title Sync="FALSE">Park Points</title>
				<ftname Sync="FALSE">Park Points</ftname>
				<origin>DMTI Spatial Inc.</origin>
				<pubdate>20200915</pubdate>
				<onlink>Please enter file location path here.</onlink>
				<onlink Sync="FALSE"/>
			</citeinfo>
		</citation>
		<descript>
			<langdata value="en" Sync="FALSE"/>
			<abstract>Park and recreation points layer represents over 150 national, provincial and territorial parks and over 2,300 recreation areas across Canada.</abstract>
			<supplinf>Created using municipal sources in the Canadian Geographic Names Database, National and Provincial government sources, Canadian Atlas Map Bundle and the National Topographic Database (NTDB)</supplinf>
			<purpose>The use of this nationwide data product can include, but is not limited to: location based services (e.g., navigation), recreational, environmental analysis and cartography applications.</purpose>
		</descript>
		<keywords>
			<theme>
				<themekey>Keywords:</themekey>
				<themekey>Cemetery</themekey>
				<themekey> picnic site</themekey>
				<themekey> swimming pool</themekey>
				<themekey> camp site</themekey>
				<themekt>Not Available</themekt>
			</theme>
		</keywords>
		<status>
			<update>As Needed</update>
			<progress>Complete</progress>
		</status>
		<timeperd>
			<current>publication date</current>
			<timeinfo>
				<rngdates>
					<begdate>20021115</begdate>
					<enddate>20200915</enddate>
				</rngdates>
			</timeinfo>
		</timeperd>
		<ptcontac>
			<cntinfo>
				<cntorgp>
					<cntper>Rick Andrews</cntper>
					<cntorg>DMTI Spatial Inc.</cntorg>
				</cntorgp>
				<cntaddr>
					<addrtype>mailing and physical address</addrtype>
					<city>Richmond Hill</city>
					<state>ON</state>
					<postal>L4B 4N4</postal>
					<address>30 Leek Crescent</address>
					<country>Canada</country>
				</cntaddr>
				<cntvoice>905-948-2000</cntvoice>
				<cntpos>Sr. Manager</cntpos>
				<cntfax>905-948-9404</cntfax>
				<cntemail>randrews@dmtispatial.com</cntemail>
			</cntinfo>
		</ptcontac>
	</idinfo>
	<mdLang>
		<languageCode value="en" Sync="FALSE"/>
		<countryCode value="" Sync="TRUE"/>
	</mdLang>
	<metainfo>
		<langmeta value="en" Sync="FALSE"/>
		<metc>
			<cntinfo>
				<cntorgp>
					<cntper>Rick Andrews</cntper>
					<cntorg>DMTI Spatial Inc.</cntorg>
				</cntorgp>
				<cntaddr>
					<addrtype>mailing address</addrtype>
					<city>Richmond Hill</city>
					<state>Ontario</state>
					<postal>L4B 4N4</postal>
					<address>30 Leek Crescent</address>
					<country>Canada</country>
				</cntaddr>
				<cntvoice>905-948-2000</cntvoice>
				<cntpos>Sr. Manager</cntpos>
				<cntfax>905-948-9404</cntfax>
				<cntemail>randrews@dmtispatial.com</cntemail>
			</cntinfo>
		</metc>
	</metainfo>
	<mdContact>
		<rpIndName>Rick Andrews</rpIndName>
		<rpOrgName>DMTI Spatial Inc.</rpOrgName>
		<rpPosName>Sr. Manager</rpPosName>
		<role>
			<RoleCd value="007"/>
		</role>
		<rpCntInfo>
			<cntAddress>
				<delPoint>30 Leek Crescent</delPoint>
				<city>Richmond Hill</city>
				<adminArea>Ontario</adminArea>
				<postCode>L4B 4N4</postCode>
				<eMailAdd>randrews@dmtispatial.com</eMailAdd>
				<country>ca</country>
			</cntAddress>
			<cntPhone>
				<voiceNum>905-948-2000</voiceNum>
				<faxNum>905-948-9404</faxNum>
			</cntPhone>
		</rpCntInfo>
	</mdContact>
	<dqInfo>
		<dataLineage>
			<statement>Created using municipal sources in the Canadian Geographic Names Database, National and Provincial government sources, Canadian Atlas Map Bundle and the National Topographic Database (NTDB)</statement>
		</dataLineage>
	</dqInfo>
	<dataqual>
		<posacc>
			<horizpa>
				<qhorizpa>
					<horizpav>1:1000</horizpav>
					<horizpae>The minimum scale at which the dataset was digitized or the best scale to view the data.</horizpae>
				</qhorizpa>
				<qhorizpa>
					<horizpav>1:50000</horizpav>
					<horizpae>The maximum scale at which the dataset was digitized or the best scale to view the data.</horizpae>
				</qhorizpa>
			</horizpa>
		</posacc>
	</dataqual>
	<spref>
		<horizsys>
			<cordsysn>
				<geogcsn Sync="TRUE"/>
			</cordsysn>
		</horizsys>
	</spref>
	<distInfo>
		<distributor>
			<distorCont>
				<rpIndName>Account Manager</rpIndName>
				<rpOrgName>DMTI Spatial Inc.</rpOrgName>
				<rpPosName>Sales Account Manager</rpPosName>
				<rpCntInfo>
					<cntAddress>
						<delPoint>30 Leek Crescent</delPoint>
						<city>Richmond Hill</city>
						<adminArea>ON</adminArea>
						<postCode>L4B 4N4</postCode>
						<eMailAdd>info@dmtispatial.com</eMailAdd>
						<country>ca</country>
					</cntAddress>
					<cntPhone>
						<rptInfo>
							<voiceNum>1-877-477-3684</voiceNum>
							<faxNum>1-905-948-9404</faxNum>
						</rptInfo>
						<voiceNum>1-877-477-3684</voiceNum>
						<faxNum>1-905-948-9404</faxNum>
					</cntPhone>
				</rpCntInfo>
				<role>
					<RoleCd value="001"/>
				</role>
			</distorCont>
			<distorTran>
				<onLineSrc>
					<linkage Sync="FALSE">Please enter file location path here.</linkage>
				</onLineSrc>
			</distorTran>
			<distorordPrc>
				<ordTurn>Off the shelf CanMap® products are shipped in 3-5 business days Custom CanMap products are fulfilled in 7-10 business days</ordTurn>
			</distorordPrc>
			<distorFormat>
				<formatName/>
			</distorFormat>
		</distributor>
		<distFormat>
			<formatName Sync="TRUE">Shapefile</formatName>
		</distFormat>
		<distTranOps>
			<transSize Sync="TRUE">0.000</transSize>
		</distTranOps>
	</distInfo>
	<refSysInfo>
		<RefSystem>
			<refSysID>
				<identCode Sync="FALSE"/>
				<idCodeSpace Sync="TRUE">EPSG</idCodeSpace>
				<idVersion Sync="TRUE">6.14(3.0.1)</idVersion>
			</refSysID>
		</RefSystem>
	</refSysInfo>
	<mdHrLv>
		<ScopeCd value="005" Sync="TRUE"/>
	</mdHrLv>
	<mdHrLvName Sync="TRUE">dataset</mdHrLvName>
	<spatRepInfo>
		<VectSpatRep>
			<geometObjs Name="ParksSportsFieldPoint">
				<geoObjTyp>
					<GeoObjTypCd value="004" Sync="TRUE"/>
				</geoObjTyp>
				<geoObjCnt Sync="TRUE">0</geoObjCnt>
			</geometObjs>
			<topLvl>
				<TopoLevCd value="001" Sync="TRUE"/>
			</topLvl>
		</VectSpatRep>
	</spatRepInfo>
	<spdoinfo>
		<ptvctinf>
			<esriterm Name="ParksSportsFieldPoint">
				<efeatyp Sync="TRUE">Simple</efeatyp>
				<efeageom code="1" Sync="TRUE"/>
				<esritopo Sync="TRUE">FALSE</esritopo>
				<efeacnt Sync="TRUE">0</efeacnt>
				<spindex Sync="TRUE">FALSE</spindex>
				<linrefer Sync="TRUE">FALSE</linrefer>
			</esriterm>
		</ptvctinf>
	</spdoinfo>
	<eainfo>
		<detailed Name="ParksSportsFieldPoint">
			<enttyp>
				<enttypl Sync="TRUE">ParksSportsFieldPoint</enttypl>
				<enttypt Sync="TRUE">Feature Class</enttypt>
				<enttypc Sync="TRUE">0</enttypc>
			</enttyp>
			<attr>
				<attrlabl Sync="TRUE">FID</attrlabl>
				<attalias Sync="TRUE">FID</attalias>
				<attrtype Sync="TRUE">OID</attrtype>
				<attwidth Sync="TRUE">4</attwidth>
				<atprecis Sync="TRUE">0</atprecis>
				<attscale Sync="TRUE">0</attscale>
				<attrdef Sync="TRUE">Internal feature number.</attrdef>
				<attrdefs Sync="TRUE">Esri</attrdefs>
				<attrdomv>
					<udom Sync="TRUE">Sequential unique whole numbers that are automatically generated.</udom>
				</attrdomv>
			</attr>
			<attr>
				<attrlabl Sync="TRUE">Shape</attrlabl>
				<attalias Sync="TRUE">Shape</attalias>
				<attrtype Sync="TRUE">Geometry</attrtype>
				<attwidth Sync="TRUE">0</attwidth>
				<atprecis Sync="TRUE">0</atprecis>
				<attscale Sync="TRUE">0</attscale>
				<attrdef Sync="TRUE">Feature geometry.</attrdef>
				<attrdefs Sync="TRUE">Esri</attrdefs>
				<attrdomv>
					<udom Sync="TRUE">Coordinates defining the features.</udom>
				</attrdomv>
			</attr>
			<attr>
				<attrlabl Sync="TRUE">UID</attrlabl>
				<attalias Sync="TRUE">UID</attalias>
				<attrtype Sync="TRUE">String</attrtype>
				<attwidth Sync="TRUE">36</attwidth>
				<atprecis Sync="TRUE">0</atprecis>
				<attscale Sync="TRUE">0</attscale>
			</attr>
			<attr>
				<attrlabl Sync="TRUE">NAME</attrlabl>
				<attalias Sync="TRUE">NAME</attalias>
				<attrtype Sync="TRUE">String</attrtype>
				<attwidth Sync="TRUE">70</attwidth>
				<atprecis Sync="TRUE">0</atprecis>
				<attscale Sync="TRUE">0</attscale>
			</attr>
			<attr>
				<attrlabl Sync="TRUE">MUNICIPAL</attrlabl>
				<attalias Sync="TRUE">MUNICIPAL</attalias>
				<attrtype Sync="TRUE">String</attrtype>
				<attwidth Sync="TRUE">60</attwidth>
				<atprecis Sync="TRUE">0</atprecis>
				<attscale Sync="TRUE">0</attscale>
			</attr>
			<attr>
				<attrlabl Sync="TRUE">PROV</attrlabl>
				<attalias Sync="TRUE">PROV</attalias>
				<attrtype Sync="TRUE">String</attrtype>
				<attwidth Sync="TRUE">2</attwidth>
				<atprecis Sync="TRUE">0</atprecis>
				<attscale Sync="TRUE">0</attscale>
			</attr>
			<attr>
				<attrlabl Sync="TRUE">TYPE</attrlabl>
				<attalias Sync="TRUE">TYPE</attalias>
				<attrtype Sync="TRUE">String</attrtype>
				<attwidth Sync="TRUE">60</attwidth>
				<atprecis Sync="TRUE">0</atprecis>
				<attscale Sync="TRUE">0</attscale>
			</attr>
			<attr>
				<attrlabl Sync="TRUE">CLASS</attrlabl>
				<attalias Sync="TRUE">CLASS</attalias>
				<attrtype Sync="TRUE">String</attrtype>
				<attwidth Sync="TRUE">60</attwidth>
				<atprecis Sync="TRUE">0</atprecis>
				<attscale Sync="TRUE">0</attscale>
			</attr>
			<attr>
				<attrlabl Sync="TRUE">LONGITUDE</attrlabl>
				<attalias Sync="TRUE">LONGITUDE</attalias>
				<attrtype Sync="TRUE">Double</attrtype>
				<attwidth Sync="TRUE">19</attwidth>
				<atprecis Sync="TRUE">0</atprecis>
				<attscale Sync="TRUE">0</attscale>
			</attr>
			<attr>
				<attrlabl Sync="TRUE">LATITUDE</attrlabl>
				<attalias Sync="TRUE">LATITUDE</attalias>
				<attrtype Sync="TRUE">Double</attrtype>
				<attwidth Sync="TRUE">19</attwidth>
				<atprecis Sync="TRUE">0</atprecis>
				<attscale Sync="TRUE">0</attscale>
			</attr>
			<attr>
				<attrlabl Sync="TRUE">ELEVATION</attrlabl>
				<attalias Sync="TRUE">ELEVATION</attalias>
				<attrtype Sync="TRUE">Double</attrtype>
				<attwidth Sync="TRUE">19</attwidth>
				<atprecis Sync="TRUE">0</atprecis>
				<attscale Sync="TRUE">0</attscale>
			</attr>
			<attr>
				<attrlabl Sync="TRUE">ACCURACY</attrlabl>
				<attalias Sync="TRUE">ACCURACY</attalias>
				<attrtype Sync="TRUE">Integer</attrtype>
				<attwidth Sync="TRUE">5</attwidth>
				<atprecis Sync="TRUE">5</atprecis>
				<attscale Sync="TRUE">0</attscale>
			</attr>
			<attr>
				<attrlabl Sync="TRUE">ACQ_TECH</attrlabl>
				<attalias Sync="TRUE">ACQ_TECH</attalias>
				<attrtype Sync="TRUE">Integer</attrtype>
				<attwidth Sync="TRUE">5</attwidth>
				<atprecis Sync="TRUE">5</atprecis>
				<attscale Sync="TRUE">0</attscale>
			</attr>
		</detailed>
	</eainfo>
	<mdDateSt Sync="TRUE">20210217</mdDateSt>
</metadata>
