<?xml version="1.0" encoding="UTF-8"?>
<metadata xml:lang="en">
	<Esri>
		<CreaDate>20210317</CreaDate>
		<CreaTime>11444700</CreaTime>
		<SyncOnce>FALSE</SyncOnce>
		<SyncDate>20210217</SyncDate>
		<SyncTime>15473900</SyncTime>
		<ModDate>20210217</ModDate>
		<ModTime>15473900</ModTime>
		<DataProperties>
			<itemProps>
				<itemName Sync="TRUE">ProvTABLE</itemName>
				<imsContentType Sync="TRUE">002</imsContentType>
				<itemSize Sync="TRUE">0.000</itemSize>
				<itemLocation>
					<linkage Sync="TRUE">file://\\142.1.121.200\dev$\Publishing\DMTI_2020\DMTI_2020_Regular\DMTI_2020_CMCS_ParksSportsFieldPoint\geoportal\ProvTABLE</linkage>
					<protocol Sync="TRUE">Local Area Network</protocol>
				</itemLocation>
			</itemProps>
			<lineage>
				<Process ToolSource="z:\home\manikons\arcgis\server\framework\runtime\arcgis\Resources\ArcToolbox\toolboxes\Data Management Tools.tbx\CopyRows" Date="20210217" Time="154739">CopyRows /mnt/geo/Data_for_Loading/DMTI/CanMapContentSuite/v2020.3/CanMapContentSuitev2020.3/CAN/Data/CanMapContentSuite.gdb\ProvTABLE Z:\mnt\geo\sunil\DMTI\2021\Tables\ProvTABLE.dbf #</Process>
			</lineage>
			<copyHistory><copy source="\\142.1.121.200\dev$\Data_for_Loading\DMTI\CanMapContentSuite\v2020.3\CanMapContentSuitev2020.3\Tables\ProvTABLE" dest="\\142.1.121.200\dev$\Publishing\DMTI_2020\DMTI_2020_Regular\DMTI_2020_CMCS_ParksSportsFieldPoint\geoportal\ProvTABLE" date="20210317" time="11444700"></copy></copyHistory></DataProperties>
		<ArcGISstyle>North American Profile of ISO19115 2003</ArcGISstyle></Esri>
	<idinfo>
		<native Sync="TRUE">Microsoft Windows Vista Version 6.1 (Build 7601) Service Pack 1; ESRI ArcCatalog 9.3.1.3000</native>
		<descript>
			<langdata Sync="TRUE">en</langdata>
			<abstract>REQUIRED: A brief narrative summary of the data set.</abstract>
			<purpose>REQUIRED: A summary of the intentions with which the data set was developed.</purpose>
		</descript>
		<citation>
			<citeinfo>
				<origin>REQUIRED: The name of an organization or individual that developed the data set.</origin>
				<pubdate>REQUIRED: The date when the data set is published or otherwise made available for release.</pubdate>
				<title Sync="TRUE">ProvTABLE</title>
				<ftname Sync="TRUE">ProvTABLE</ftname>
				<geoform Sync="TRUE">tabular digital data</geoform>
				<onlink Sync="TRUE">\\Dmti-febris\ccs\v2014.4\FGDB\CanMapContentSuitev2014.4\CAN\Data\CanMapContentSuite.gdb</onlink>
			</citeinfo>
		</citation>
		<timeperd>
			<current>REQUIRED: The basis on which the time period of content information is determined.</current>
			<timeinfo>
				<sngdate>
					<caldate>REQUIRED: The year (and optionally month, or month and day) for which the data set corresponds to the ground.</caldate>
				</sngdate>
			</timeinfo>
		</timeperd>
		<status>
			<progress>REQUIRED: The state of the data set.</progress>
			<update>REQUIRED: The frequency with which changes and additions are made to the data set after the initial data set is completed.</update>
		</status>
		<spdom>
			<bounding>
				<westbc Sync="TRUE">REQUIRED: Western-most coordinate of the limit of coverage expressed in longitude.</westbc>
				<eastbc Sync="TRUE">REQUIRED: Eastern-most coordinate of the limit of coverage expressed in longitude.</eastbc>
				<northbc Sync="TRUE">REQUIRED: Northern-most coordinate of the limit of coverage expressed in latitude.</northbc>
				<southbc Sync="TRUE">REQUIRED: Southern-most coordinate of the limit of coverage expressed in latitude.</southbc>
			</bounding>
		</spdom>
		<keywords>
			<theme>
				<themekt>REQUIRED: Reference to a formally registered thesaurus or a similar authoritative source of theme keywords.</themekt>
				<themekey>REQUIRED: Common-use word or phrase used to describe the subject of the data set.</themekey>
			</theme>
		</keywords>
		<accconst>REQUIRED: Restrictions and legal prerequisites for accessing the data set.</accconst>
		<useconst>REQUIRED: Restrictions and legal prerequisites for using the data set after access is granted.</useconst>
		<natvform Sync="TRUE">File Geodatabase Table</natvform>
	</idinfo>
	<dataIdInfo>
		<envirDesc Sync="TRUE">Microsoft Windows 7 Version 6.1 (Build 7601) Service Pack 1; Esri ArcGIS 12.6.0.24234</envirDesc>
		<dataLang>
			<languageCode Sync="TRUE" value=""/>
			<countryCode value="" Sync="TRUE"/>
		</dataLang>
		<idCitation>
			<resTitle Sync="TRUE">ProvTABLE</resTitle>
			<presForm>
				<PresFormCd value="011" Sync="TRUE"/>
			</presForm>
		</idCitation>
		<spatRpType>
			<SpatRepTypCd value="003" Sync="TRUE"/>
		</spatRpType>
	</dataIdInfo>
	<metainfo>
		<langmeta Sync="TRUE">en</langmeta>
		<metstdn Sync="TRUE">FGDC Content Standards for Digital Geospatial Metadata</metstdn>
		<metstdv Sync="TRUE">FGDC-STD-001-1998</metstdv>
		<mettc Sync="TRUE">local time</mettc>
		<metc>
			<cntinfo>
				<cntorgp>
					<cntper>REQUIRED: The person responsible for the metadata information.</cntper>
					<cntorg>REQUIRED: The organization responsible for the metadata information.</cntorg>
				</cntorgp>
				<cntaddr>
					<addrtype>REQUIRED: The mailing and/or physical address for the organization or individual.</addrtype>
					<city>REQUIRED: The city of the address.</city>
					<state>REQUIRED: The state or province of the address.</state>
					<postal>REQUIRED: The ZIP or other postal code of the address.</postal>
				</cntaddr>
				<cntvoice>REQUIRED: The telephone number by which individuals can speak to the organization or individual.</cntvoice>
			</cntinfo>
		</metc>
		<metd Sync="TRUE">20141211</metd>
	</metainfo>
	<mdLang>
		<languageCode Sync="TRUE" value=""/>
		<countryCode value="" Sync="TRUE"/>
	</mdLang>
	<mdStanName Sync="TRUE">ISO 19115 Geographic Information - Metadata</mdStanName>
	<mdStanVer Sync="TRUE">DIS_ESRI1.0</mdStanVer>
	<mdChar>
		<CharSetCd Sync="TRUE" value="004"/>
	</mdChar>
	<mdHrLv>
		<ScopeCd Sync="TRUE" value="007"/>
	</mdHrLv>
	<mdHrLvName Sync="TRUE">dataset</mdHrLvName>
	<distinfo>
		<resdesc Sync="TRUE">Downloadable Data</resdesc>
	</distinfo>
	<distInfo>
		<distributor>
			<distorTran>
				<onLineSrc>
					<orDesc Sync="TRUE">002</orDesc>
					<linkage Sync="TRUE">file://\\Dmti-febris\ccs\v2014.4\FGDB\CanMapContentSuitev2014.4\CAN\Data\CanMapContentSuite.gdb</linkage>
					<protocol Sync="TRUE">Local Area Network</protocol>
				</onLineSrc>
			</distorTran>
			<distorFormat>
				<formatName Sync="TRUE">File Geodatabase Table</formatName>
			</distorFormat>
		</distributor>
		<distFormat>
			<formatName Sync="TRUE">dBASE Table</formatName>
		</distFormat>
		<distTranOps>
			<transSize Sync="TRUE">0.000</transSize>
		</distTranOps>
	</distInfo>
	<eainfo>
		<detailed Name="ProvTABLE">
			<enttyp>
				<enttypl Sync="TRUE">ProvTABLE</enttypl>
				<enttypt Sync="TRUE">Table</enttypt>
				<enttypc Sync="TRUE">0</enttypc>
			</enttyp>
			<attr>
				<attrlabl Sync="TRUE">OID</attrlabl>
				<attalias Sync="TRUE">OID</attalias>
				<attrtype Sync="TRUE">OID</attrtype>
				<attwidth Sync="TRUE">4</attwidth>
				<atprecis Sync="TRUE">0</atprecis>
				<attscale Sync="TRUE">0</attscale>
				<attrdef Sync="TRUE">Internal feature number.</attrdef>
				<attrdefs Sync="TRUE">Esri</attrdefs>
				<attrdomv>
					<udom Sync="TRUE">Sequential unique whole numbers that are automatically generated.</udom>
				</attrdomv>
			</attr>
			<attr>
				<attrlabl Sync="TRUE">PROV</attrlabl>
				<attalias Sync="TRUE">PROV</attalias>
				<attrtype Sync="TRUE">String</attrtype>
				<attwidth Sync="TRUE">2</attwidth>
				<atprecis Sync="TRUE">0</atprecis>
				<attscale Sync="TRUE">0</attscale>
			</attr>
			<attr>
				<attrlabl Sync="TRUE">PROV_CODE</attrlabl>
				<attalias Sync="TRUE">PROV_CODE</attalias>
				<attrtype Sync="TRUE">String</attrtype>
				<attwidth Sync="TRUE">2</attwidth>
				<atprecis Sync="TRUE">0</atprecis>
				<attscale Sync="TRUE">0</attscale>
			</attr>
			<attr>
				<attrlabl Sync="TRUE">DESCRIPTIO</attrlabl>
				<attalias Sync="TRUE">DESCRIPTIO</attalias>
				<attrtype Sync="TRUE">String</attrtype>
				<attwidth Sync="TRUE">30</attwidth>
				<atprecis Sync="TRUE">0</atprecis>
				<attscale Sync="TRUE">0</attscale>
			</attr>
		</detailed>
	</eainfo>
	<mdDateSt Sync="TRUE">20210217</mdDateSt>
</metadata>
